,Mean,Median,Max,Min,Std Dev
1_3,-0.03605627895812101,-0.028565455546682994,0.4313593472485362,-0.33156687093497617,0.16450578799165277
