,Mean,Median,Max,Min,Std Dev
2_3,-0.00027786207114794466,0.02783750405693941,0.31789065790279636,-0.38157606864338467,0.177565616521436
