,Mean,Median,Max,Min,Std Dev
2_3,-0.17678094711187195,-0.012040834235310216,0.07181179130636006,-1.5095652475794714,0.38477732757422123
