,Mean,Median,Max,Min,Std Dev
1_3,-0.1258560951288499,-0.009654023962678782,0.1338469585022608,-0.9358214375675877,0.27638039448570273
