,Mean,Median,Max,Min,Std Dev
1_2,-0.05093195878589203,-0.07032866180890651,0.32998982903316065,-0.47036626070507603,0.20301603565260912
