,Mean,Median,Max,Min,Std Dev
2_3,0.12900164085452556,0.12217187339283009,0.44453053237818985,-0.31069549657119944,0.17188187777212313
