,Mean,Median,Max,Min,Std Dev
1_2,-0.10251073814613182,-0.0928224850307664,0.19131574420621122,-0.5316510434895878,0.15676601900118917
