,Mean,Median,Max,Min,Std Dev
1_3,0.09327701084237174,0.06280402855556222,0.4704966683148806,-0.42858537396647733,0.18549804030414827
