,Mean,Median,Max,Min,Std Dev
1_2,-0.0246533496196149,-0.005225637516070858,0.05267648915158496,-0.22401577604496725,0.07095163964219889
