,MAE,Mean,Median,Max,Min
1_3,0.22386971882866671,0.08979981617072888,0.03138756181264846,1.09218521899078,7.796186537767369e-05
