,MAE,Mean,Median,Max,Min
1_3,0.23249317843709372,-0.12933328980049275,-0.15357183084702886,0.6090781453667073,0.004114591199012363
