,MAE,Mean,Median,Max,Min
1_2,0.26344251190172985,0.051578779360239774,0.07956426760754476,0.725066057576552,0.042243794680942415
