,MAE,Mean,Median,Max,Min
1_2,0.19243828406056898,-0.026278609166277132,-0.013847295117499492,0.42295056909089657,0.0029946879623428124
