,Mean,Median,Max,Min,Std Dev
2_3,0.12927950292567347,0.10383926699378643,0.8261066010215745,-0.4072456364960304,0.24748354265898748
