,MAE,Mean,Median,Max,Min
2_3,0.25594403354495626,0.17650308504072398,0.11128203192002939,1.457615850230352,0.004532922771147252
