,Mean,Median,Max,Min,Std Dev
1_3,-0.08979981617072888,-0.03138756181264846,0.3060227038717529,-1.09218521899078,0.34838274733633495
