,MAE,Mean,Median,Max,Min
2_3,0.1966454432055958,-0.12927950292567347,-0.10383926699378643,0.8261066010215745,0.0005468302227542576
