,Mean,Median,Max,Min,Std Dev
1_3,0.12933328980049275,0.15357183084702886,0.6090781453667073,-0.4154275245733623,0.26618343978181613
