,Mean,Median,Max,Min,Std Dev
1_2,0.026278609166277132,0.013847295117499492,0.42295056909089657,-0.38467695288672377,0.22864186305571246
