,Mean,Median,Max,Min,Std Dev
1_2,-0.051578779360239774,-0.07956426760754476,0.46637865668536627,-0.725066057576552,0.315715715901349
