,Mean,Median,Max,Min,Std Dev
2_3,-0.17650308504072398,-0.11128203192002939,0.32363390008352355,-1.457615850230352,0.39759373670050135
