,MAE,Mean,Median,Max,Min
1_2,0.06936746998008658,0.04730296732678127,0.027898532306523283,0.16238358659879126,0.008792510298929024
