,Mean,Median,Max,Min,Std Dev
1_2,0.07126462561002274,0.05458596816225092,0.1983208110858643,-0.03814401180516569,0.07974729032877777
