,MAE,Mean,Median,Max,Min
1_2,0.083138874089654,-0.07126462561002274,-0.05458596816225092,0.1983208110858643,0.01529010635317496
