,Mean,Median,Max,Min,Std Dev
1_2,-0.04730296732678127,-0.027898532306523283,0.06286224880031455,-0.16238358659879126,0.07961637114725899
