{"model_X_coefficients": [0.0, 0.035193279668873444, 0.07335826781721821, 1.997213657150068e-05, -0.00014055449780728604, -7.205220237178553e-05], "model_X_intercept": -13.310994471675201, "model_Y_coefficients": [0.0, -0.05936441858752396, -0.7555535164994086, 0.00010404521480376211, 2.6997999095463437e-05, 0.001506474619926916], "model_Y_intercept": 102.31261299379892, "polynomial_powers": [[0, 0], [1, 0], [0, 1], [2, 0], [1, 1], [0, 2]]}