,MAE,Mean,Median,Max,Min
1_3,0.1631827911060231,-0.12138260107205777,-0.13873562266588024,0.48050268568480625,0.004114591199012363
