,MAE,Mean,Median,Max,Min
1_3,0.13518477754348973,-0.03342083031997897,-0.03353288801748988,0.43665816271326996,0.0174894827923735
