,MAE,Mean,Median,Max,Min
2_3,0.11720002463127581,0.06673885778363135,0.09565103703823596,0.31098445932237195,0.004532922771147252
