,MAE,Mean,Median,Max,Min
1_2,0.1870857006324955,-0.03023992596207893,-0.042243794680942415,0.46637865668536627,0.042243794680942415
