,MAE,Mean,Median,Max,Min
2_3,0.13223026336142596,-0.07215088780906331,-0.01821575061831915,0.39234506749734355,0.0005468302227542576
