,MAE,Mean,Median,Max,Min
1_2,0.15739702163355065,-0.108938960975535,-0.13278225957598666,0.42295056909089657,0.0029946879623428124
