,Mean,Median,Max,Min,Std Dev
1_2,-0.07656884012809846,-0.09922675957093818,0.011640227211709764,-0.15239166060455456,0.06259954470397851
