,Mean,Median,Max,Min,Std Dev
1_2,-0.02926587280131719,-0.015995275628920558,0.03659010629977466,-0.12449312829803127,0.05830565803651539
