,Mean,Median,Max,Min,Std Dev
1_2,0.04199875280870555,0.04087541949064155,0.14603347053380822,-0.025669901977334098,0.051585110663006896
